{
  "info": {
    "version": "2016-07-25T16:29:08Z",
    "title": "mySpace"
  },
  "paths": {
    "/": {
      "put": {
        "responses": {
          "200": {
            "description": "200 response",
            "schema": {
              "$ref": "#/definitions/Empty"
            }
          },
          "405": {
            "description": "405 response"
          },
          "404": {
            "description": "404 response"
          },
          "500": {
            "description": "500 response"
          }
        },
        "x-amazon-apigateway-integration": {
          "passthroughBehavior": "when_no_templates",
          "responses": {
            "default": {
              "statusCode": "200"
            },
            ".*NotFound.*": {
              "responseTemplates": {
                "application/json": "{\n    \"errorMessage\" : \"Not Found\"\n}"
              },
              "statusCode": "404"
            },
            ".*MethodNotAllowed.*": {
              "responseTemplates": {
                "application/json": "{\n    \"errorMessage\" : \"Method Not Allowed\"\n}"
              },
              "statusCode": "405"
            },
            ".*Server.*": {
              "responseTemplates": {
                "application/json": "{\"errorMessage\" : \"Internal Server Error\"}"
              },
              "statusCode": "500"
            }
          },
          "uri": "arn:aws:apigateway:us-west-2:lambda:path/2015-03-31/functions/arn:aws:lambda:us-west-2:356335180012:function:mySpace/invocations",
          "httpMethod": "POST",
          "requestTemplates": {
            "application/json": "#set($myobj = $input.path('$'))\n{\n    \"resource_path\" : \"$context.resourcePath\",\n    \"http_method\" : \"$context.httpMethod\",\n## for each key in input json object print\n## \"key\" : \"value\" followed by a , if not last\n## else if last print print \\n. NOTE: all space\n## and carriage returns in this file are quite \n## literally passed as input to the api handler\n#foreach($key in $myobj.keySet())\n    \"$key\" : $myobj.get($key)#if($foreach.hasNext),#else\n#end\n\n#end\n}"
          },
          "credentials": "arn:aws:iam::356335180012:role/api_invoke_lambda",
          "type": "aws"
        },
        "consumes": [
          "application/json"
        ],
        "produces": [
          "application/json"
        ]
      },
      "post": {
        "responses": {
          "200": {
            "description": "200 response",
            "schema": {
              "$ref": "#/definitions/Empty"
            }
          },
          "405": {
            "description": "405 response"
          },
          "404": {
            "description": "404 response"
          },
          "500": {
            "description": "500 response"
          }
        },
        "x-amazon-apigateway-integration": {
          "passthroughBehavior": "when_no_templates",
          "responses": {
            "default": {
              "statusCode": "200"
            },
            ".*NotFound.*": {
              "responseTemplates": {
                "application/json": "{\"errorMessage\" : \"Not Found\"}"
              },
              "statusCode": "404"
            },
            ".*MethodNotAllowed.*": {
              "responseTemplates": {
                "application/json": "{\"errorMessage\" : \"Method Not Allowed\"}"
              },
              "statusCode": "405"
            },
            ".*Server.*": {
              "responseTemplates": {
                "application/json": "{\"errorMessage\" : \"Internal Server Error\"}"
              },
              "statusCode": "500"
            }
          },
          "uri": "arn:aws:apigateway:us-west-2:lambda:path/2015-03-31/functions/arn:aws:lambda:us-west-2:356335180012:function:mySpace/invocations",
          "httpMethod": "POST",
          "requestTemplates": {
            "application/json": "#set($myobj = $input.path('$'))\n{\n    \"resource_path\" : \"$context.resourcePath\",\n    \"http_method\" : \"$context.httpMethod\",\n## for each key in input json object print\n## \"key\" : \"value\" followed by a , if not last\n## else if last print print \\n. NOTE: all space\n## and carriage returns in this file are quite \n## literally passed as input to the api handler\n#foreach($key in $myobj.keySet())\n    \"$key\" : $myobj.get($key)#if($foreach.hasNext),#else\n#end\n\n#end\n}"
          },
          "credentials": "arn:aws:iam::356335180012:role/api_invoke_lambda",
          "type": "aws"
        },
        "consumes": [
          "application/json"
        ],
        "produces": [
          "application/json"
        ]
      },
      "delete": {
        "responses": {
          "200": {
            "description": "200 response",
            "schema": {
              "$ref": "#/definitions/Empty"
            }
          },
          "405": {
            "description": "405 response"
          },
          "404": {
            "description": "404 response"
          },
          "500": {
            "description": "500 response"
          }
        },
        "x-amazon-apigateway-integration": {
          "passthroughBehavior": "when_no_templates",
          "responses": {
            "default": {
              "statusCode": "200"
            },
            ".*NotFound.*": {
              "responseTemplates": {
                "application/json": "{\n    \"errorMessage\" : \"Not Found\"\n}"
              },
              "statusCode": "404"
            },
            ".*MethodNotAllowed.*": {
              "responseTemplates": {
                "application/json": "{\n    \"errorMessage\" : \"Method Not Allowed\"\n}"
              },
              "statusCode": "405"
            },
            ".*Server.*": {
              "responseTemplates": {
                "application/json": "{\n    \"errorMessage\" : \"Internal Server Error\"\n}"
              },
              "statusCode": "500"
            }
          },
          "uri": "arn:aws:apigateway:us-west-2:lambda:path/2015-03-31/functions/arn:aws:lambda:us-west-2:356335180012:function:mySpace/invocations",
          "httpMethod": "POST",
          "requestTemplates": {
            "application/json": "#set($myobj = $input.path('$'))\n{\n    \"resource_path\" : \"$context.resourcePath\",\n    \"http_method\" : \"$context.httpMethod\",\n## for each key in input json object print\n## \"key\" : \"value\" followed by a , if not last\n## else if last print print \\n. NOTE: all space\n## and carriage returns in this file are quite \n## literally passed as input to the api handler\n#foreach($key in $myobj.keySet())\n    \"$key\" : $myobj.get($key)#if($foreach.hasNext),#else\n#end\n\n#end\n}"
          },
          "credentials": "arn:aws:iam::356335180012:role/api_invoke_lambda",
          "type": "aws"
        },
        "consumes": [
          "application/json"
        ],
        "produces": [
          "application/json"
        ]
      },
      "get": {
        "responses": {
          "200": {
            "description": "200 response",
            "schema": {
              "$ref": "#/definitions/Empty"
            }
          },
          "404": {
            "description": "404 response"
          },
          "500": {
            "description": "500 response"
          }
        },
        "x-amazon-apigateway-integration": {
          "responses": {
            "default": {
              "statusCode": "200"
            },
            ".*NotFound.*": {
              "responseTemplates": {
                "application/json": "{\"errorMessage\" : \"Not Found\"}"
              },
              "statusCode": "404"
            },
            ".*Server.*": {
              "responseTemplates": {
                "application/json": "{\"errorMessage\" : \"Internal Server Error\"}"
              },
              "statusCode": "500"
            }
          }
        },
        "consumes": [
          "application/json"
        ],
        "produces": [
          "application/json"
        ]
      }
    }
  },
  "schemes": [
    "https"
  ],
  "basePath": "/mySpace",
  "host": "api.kelly.flanagan.io",
  "definitions": {
    "Empty": {
      "type": "object"
    }
  },
  "swagger": "2.0"
}